{"_wandb":{"runtime":2},"Accuracy":0.267,"_timestamp":1.7261600533942537e+09,"_runtime":1.150015177,"_step":13}